{
  "IcoMoonType": "selection",
  "icons": [
    {
      "icon": {
        "paths": [
          "M1208.671 188.797c0-20.341-7.797-40.694-21.833-55.338l-106.050-110.672c-14.036-14.656-33.536-22.788-53.029-22.788s-38.992 8.132-53.029 22.788l-511.536 534.668-229.258-240.080c-14.036-14.644-33.532-22.788-53.026-22.788-19.496 0-38.991 8.144-53.027 22.788l-106.051 110.686c-14.038 14.644-21.832 34.983-21.832 55.337 0 20.34 7.795 40.68 21.832 55.336l388.335 405.277c14.037 14.643 33.532 22.784 53.027 22.784s38.986-8.141 53.021-22.784l670.622-699.878c14.036-14.642 21.833-34.983 21.833-55.335z"
        ],
        "attrs": [
          {
            "fill": "rgb(255, 255, 255)"
          }
        ],
        "width": 1243,
        "isMulticolor": false,
        "isMulticolor2": false,
        "grid": 0,
        "tags": [
          "check-icon"
        ]
      },
      "attrs": [
        {
          "fill": "rgb(255, 255, 255)"
        }
      ],
      "properties": {
        "order": 11,
        "id": 0,
        "name": "check-icon",
        "prevSize": 32
      },
      "setIdx": 0,
      "setId": 3,
      "iconIdx": 0
    }
  ],
  "height": 1024,
  "preferences": {
    "showGlyphs": true,
    "showQuickUse": true,
    "showQuickUse2": true,
    "showSVGs": true,
    "fontPref": {
      "prefix": "icon-",
      "metadata": {
        "fontFamily": "icomoon"
      },
      "metrics": {
        "emSize": 1024,
        "baseline": 6.25,
        "whitespace": 50
      },
      "embed": false
    },
    "imagePref": {
      "prefix": "icon-",
      "png": true,
      "useClassSelector": true,
      "color": 0,
      "bgColor": 16777215,
      "classSelector": ".icon",
      "name": "icomoon"
    },
    "historySize": 50,
    "showCodes": true,
    "gridSize": 16
  }
}